topic,term,weight
0,martian,0.012308432
0,people,0.007995105
0,house,0.005947703
0,black,0.005939196
0,time,0.0058547356
0,road,0.0056383144
0,thing,0.005399512
0,stand,0.005232213
0,pit,0.004880104
0,brother,0.0044838926
1,thou,0.44513163
1,thy,0.13558617
1,rom,0.13241126
1,nurse,0.091377325
1,love,0.09092529
1,you,0.053859286
1,romeo,0.050709035
